"munnom","regadm","mpopul","msuperf"
"Abercorn","Montérégie (16)",344,27
"Acton Vale","Montérégie (16)",7733,91.1
"Adstock","Chaudière-Appalaches (12)",2768,306.2
"Aguanish","Côte-Nord (09)",238,680.6
"Akulivik","Nord-du-Québec (10)",678,82.3
"Albanel","Saguenay--Lac-Saint-Jean (02)",2232,205
"Albertville","Bas-Saint-Laurent (01)",227,104.7
"Alleyn-et-Cawood","Outaouais (07)",172,325.9
"Alma","Saguenay--Lac-Saint-Jean (02)",30831,232.6
"Amherst","Laurentides (15)",1459,249.5
"Amos","Abitibi-Témiscamingue (08)",12769,437.2
"Amqui","Bas-Saint-Laurent (01)",6065,128.3
"Ange-Gardien","Montérégie (16)",2861,90.3
"Armagh","Chaudière-Appalaches (12)",1502,170.6
"Arundel","Laurentides (15)",560,66.8
"Asbestos","Estrie (05)",6837,31.8
"Ascot Corner","Estrie (05)",3255,85.4
"Aston-Jonction","Centre-du-Québec (17)",430,26
"Auclair","Bas-Saint-Laurent (01)",455,109.7
"Audet","Estrie (05)",757,133.7
"Aumond","Outaouais (07)",766,227.6
"Aupaluk","Nord-du-Québec (10)",224,32.7
"Austin","Estrie (05)",1577,86.2
"Authier","Abitibi-Témiscamingue (08)",266,143.5
"Authier-Nord","Abitibi-Témiscamingue (08)",292,297.2
"Ayer's Cliff","Estrie (05)",1131,7.4
"Baie-Comeau","Côte-Nord (09)",21082,434.5
"Baie-des-Sables","Bas-Saint-Laurent (01)",634,65.3
"Baie-du-Febvre","Centre-du-Québec (17)",955,173.4
"Baie-D'Urfé","Montréal (06)",3922,8
"Baie-Johan-Beetz","Côte-Nord (09)",85,532.1
"Baie-Sainte-Catherine","Capitale-Nationale (03)",197,421
"Baie-Saint-Paul","Capitale-Nationale (03)",7168,565.7
"Baie-Trinité","Côte-Nord (09)",389,538.6
"Barkmere","Laurentides (15)",57,24.9
"Barnston-Ouest","Estrie (05)",554,99.8
"Barraute","Abitibi-Témiscamingue (08)",1984,507.8
"Batiscan","Mauricie (04)",899,58.7
"Beaconsfield","Montréal (06)",19977,24.4
"Béarn","Abitibi-Témiscamingue (08)",711,552.5
"Beauceville","Chaudière-Appalaches (12)",6297,166.4
"Beauharnois","Montérégie (16)",13374,83.4
"Beaulac-Garthby","Chaudière-Appalaches (12)",972,93.9
"Beaumont","Chaudière-Appalaches (12)",2984,44.8
"Beaupré","Capitale-Nationale (03)",3847,27
"Bécancour","Centre-du-Québec (17)",13543,495.3
"Bedford","Montérégie (16)",2556,4.4
"Bedford","Montérégie (16)",698,32.3
"Bégin","Saguenay--Lac-Saint-Jean (02)",828,197.5
"Belcourt","Abitibi-Témiscamingue (08)",217,423.8
"Belleterre","Abitibi-Témiscamingue (08)",296,607
"Beloeil","Montérégie (16)",24066,25.4
"Berry","Abitibi-Témiscamingue (08)",542,580
"Berthier-sur-Mer","Chaudière-Appalaches (12)",1635,26.9
"Berthierville","Lanaudière (14)",4346,7.2
"Béthanie","Montérégie (16)",315,46.9
"Biencourt","Bas-Saint-Laurent (01)",434,189.5
"Blainville","Laurentides (15)",60838,55.4
"Blanc-Sablon","Côte-Nord (09)",1093,381.9
"Blue Sea","Outaouais (07)",656,87.5
"Boileau","Outaouais (07)",336,140.9
"Boisbriand","Laurentides (15)",26899,29.5
"Boischatel","Capitale-Nationale (03)",8103,21.6
"Bois-des-Filion","Laurentides (15)",9970,4.9
"Bois-Franc","Outaouais (07)",412,74.3
"Bolton-Est","Estrie (05)",1028,81
"Bolton-Ouest","Montérégie (16)",634,101.9
"Bonaventure","Gaspésie--Îles-de-la-Madeleine (11)",2690,108.2
"Bonne-Espérance","Côte-Nord (09)",659,1215.7
"Bonsecours","Estrie (05)",624,61.1
"Boucherville","Montérégie (16)",42714,80.9
"Bouchette","Outaouais (07)",667,143.2
"Bowman","Outaouais (07)",670,164.9
"Brébeuf","Laurentides (15)",1037,37.8
"Brigham","Montérégie (16)",2318,88.1
"Bristol","Outaouais (07)",1042,234.9
"Brome","Montérégie (16)",293,11.5
"Bromont","Montérégie (16)",10167,115.7
"Brossard","Montérégie (16)",89092,52.1
"Brownsburg-Chatham","Laurentides (15)",7269,254.7
"Bryson","Outaouais (07)",700,3.7
"Bury","Estrie (05)",1139,235.1
"Cacouna","Bas-Saint-Laurent (01)",1834,174.9
"Calixa-Lavallée","Montérégie (16)",528,32.8
"Campbell's Bay","Outaouais (07)",735,3.5
"Candiac","Montérégie (16)",22306,18.7
"Cantley","Outaouais (07)",11193,133.9
"Cap-Chat","Gaspésie--Îles-de-la-Madeleine (11)",2327,209
"Caplan","Gaspésie--Îles-de-la-Madeleine (11)",1980,85.7
"Cap-Saint-Ignace","Chaudière-Appalaches (12)",3105,205.3
"Cap-Santé","Capitale-Nationale (03)",3457,70
"Carignan","Montérégie (16)",10959,65.1
"Carleton-sur-Mer","Gaspésie--Îles-de-la-Madeleine (11)",4015,245.9
"Cascapédia--Saint-Jules","Gaspésie--Îles-de-la-Madeleine (11)",741,163
"Causapscal","Bas-Saint-Laurent (01)",2273,162.3
"Cayamant","Outaouais (07)",808,414.3
"Chambly","Montérégie (16)",31397,27.5
"Chambord","Saguenay--Lac-Saint-Jean (02)",1743,172.2
"Champlain","Mauricie (04)",1909,78.9
"Champneuf","Abitibi-Témiscamingue (08)",135,242.7
"Chandler","Gaspésie--Îles-de-la-Madeleine (11)",7441,438.8
"Chapais","Nord-du-Québec (10)",1609,63.1
"Charette","Mauricie (04)",986,42.3
"Charlemagne","Lanaudière (14)",6166,2.3
"Chartierville","Estrie (05)",282,141.8
"Châteauguay","Montérégie (16)",49953,46.3
"Château-Richer","Capitale-Nationale (03)",4288,246.2
"Chazel","Abitibi-Témiscamingue (08)",296,140.1
"Chelsea","Outaouais (07)",7187,120.9
"Chénéville","Outaouais (07)",768,66.4
"Chertsey","Lanaudière (14)",4816,302.1
"Chesterville","Centre-du-Québec (17)",939,116.9
"Chibougamau","Nord-du-Québec (10)",7559,1039.9
"Chichester","Outaouais (07)",345,230.3
"Chisasibi","Nord-du-Québec (10)",0,505.7
"Chute-aux-Outardes","Côte-Nord (09)",1481,9.8
"Chute-Saint-Philippe","Laurentides (15)",948,321.7
"Clarendon","Outaouais (07)",1234,347.8
"Clermont","Abitibi-Témiscamingue (08)",519,158.8
"Clermont","Capitale-Nationale (03)",3053,52.6
"Clerval","Abitibi-Témiscamingue (08)",391,130.9
"Cleveland","Estrie (05)",1552,124
"Cloridorme","Gaspésie--Îles-de-la-Madeleine (11)",626,161.4
"Coaticook","Estrie (05)",8909,222.7
"Colombier","Côte-Nord (09)",674,386.4
"Compton","Estrie (05)",3174,207.6
"Contrecoeur","Montérégie (16)",8989,88.2
"Cookshire-Eaton","Estrie (05)",5432,298
"Coteau-du-Lac","Montérégie (16)",7221,57.1
"Côte-Nord-du-Golfe-du-Saint-Laurent","Côte-Nord (09)",831,3061.9
"Côte-Saint-Luc","Montréal (06)",34761,6.8
"Courcelles","Estrie (05)",782,91.5
"Cowansville","Montérégie (16)",14727,48.5
"Crabtree","Lanaudière (14)",4079,26.002
"Danville","Estrie (05)",3833,153.5
"Daveluyville","Centre-du-Québec (17)",2336,62.8
"Dégelis","Bas-Saint-Laurent (01)",2826,571.4
"Déléage","Outaouais (07)",1862,263.4
"Delson","Montérégie (16)",8141,7.7
"Denholm","Outaouais (07)",489,197.7
"Desbiens","Saguenay--Lac-Saint-Jean (02)",1007,11.2
"Deschaillons-sur-Saint-Laurent","Centre-du-Québec (17)",872,51.8
"Deschambault-Grondines","Capitale-Nationale (03)",2246,152.4
"Deux-Montagnes","Laurentides (15)",17998,7.3
"Disraeli","Chaudière-Appalaches (12)",1138,97.5
"Disraeli","Chaudière-Appalaches (12)",2374,8.3
"Dixville","Estrie (05)",714,76.9
"Dolbeau-Mistassini","Saguenay--Lac-Saint-Jean (02)",14039,359
"Dollard-Des Ormeaux","Montréal (06)",50453,15.1
"Donnacona","Capitale-Nationale (03)",7337,37.4
"Dorval","Montréal (06)",20040,29.1
"Dosquet","Chaudière-Appalaches (12)",982,64.6
"Drummondville","Centre-du-Québec (17)",78345,259.6
"Dudswell","Estrie (05)",1794,223.3
"Duhamel","Outaouais (07)",433,478.5
"Duhamel-Ouest","Abitibi-Témiscamingue (08)",879,128.8
"Dundee","Montérégie (16)",372,84
"Dunham","Montérégie (16)",3524,195.5
"Duparquet","Abitibi-Témiscamingue (08)",688,156.4
"Dupuy","Abitibi-Témiscamingue (08)",907,122.7
"Durham-Sud","Centre-du-Québec (17)",1082,92.5
"East Angus","Estrie (05)",3826,8.3
"East Broughton","Chaudière-Appalaches (12)",2192,8.7
"East Farnham","Montérégie (16)",576,5
"East Hereford","Estrie (05)",264,72.9
"Eastmain","Nord-du-Québec (10)",0,335.1
"Eastman","Estrie (05)",2069,77.1
"Egan-Sud","Outaouais (07)",502,51
"Elgin","Montérégie (16)",399,69.5
"Entrelacs","Lanaudière (14)",916,56.1
"Escuminac","Gaspésie--Îles-de-la-Madeleine (11)",539,108.3
"Esprit-Saint","Bas-Saint-Laurent (01)",326,170.5
"Estérel","Laurentides (15)",205,16.6
"Farnham","Montérégie (16)",9604,93.9
"Fassett","Outaouais (07)",448,14.8
"Ferland-et-Boilleau","Saguenay--Lac-Saint-Jean (02)",565,410
"Ferme-Neuve","Laurentides (15)",2740,876.3
"Fermont","Côte-Nord (09)",2455,503.1
"Forestville","Côte-Nord (09)",2929,244.4
"Fort-Coulonge","Outaouais (07)",1382,3.2
"Fortierville","Centre-du-Québec (17)",651,44.5
"Fossambault-sur-le-Lac","Capitale-Nationale (03)",2092,13.7
"Frampton","Chaudière-Appalaches (12)",1301,151.7
"Franklin","Montérégie (16)",1678,112.8
"Franquelin","Côte-Nord (09)",290,522
"Frelighsburg","Montérégie (16)",1144,124
"Frontenac","Estrie (05)",1763,244.6
"Fugèreville","Abitibi-Témiscamingue (08)",316,169.1
"Gallichan","Abitibi-Témiscamingue (08)",490,98.3
"Gaspé","Gaspésie--Îles-de-la-Madeleine (11)",15179,1356.2
"Gatineau","Outaouais (07)",286755,380.6
"Girardville","Saguenay--Lac-Saint-Jean (02)",986,134.5
"Godbout","Côte-Nord (09)",254,204.6
"Godmanchester","Montérégie (16)",1423,138.5
"Gore","Laurentides (15)",1969,96.4
"Gouvernement régional d'Eeyou Istchee Baie-James","Nord-du-Québec (10)",1079,274612.4
"Gracefield","Outaouais (07)",2458,455.3
"Granby","Montérégie (16)",68599,155.7
"Grande-Rivière","Gaspésie--Îles-de-la-Madeleine (11)",3429,105.9
"Grandes-Piles","Mauricie (04)",445,120.3
"Grande-Vallée","Gaspésie--Îles-de-la-Madeleine (11)",1060,144.9
"Grand-Métis","Bas-Saint-Laurent (01)",210,25.5
"Grand-Remous","Outaouais (07)",1147,509.9
"Grand-Saint-Esprit","Centre-du-Québec (17)",484,27.3
"Grenville","Laurentides (15)",1787,3.1
"Grenville-sur-la-Rouge","Laurentides (15)",2841,329.3
"Gros-Mécatina","Côte-Nord (09)",424,1407
"Grosse-Île","Gaspésie--Îles-de-la-Madeleine (11)",469,97.5
"Grosses-Roches","Bas-Saint-Laurent (01)",381,63.9
"Guérin","Abitibi-Témiscamingue (08)",332,208.4
"Ham-Nord","Centre-du-Québec (17)",872,104.6
"Hampden","Estrie (05)",181,111.9
"Hampstead","Montréal (06)",7350,1.8
"Ham-Sud","Estrie (05)",232,152.1
"Harrington","Laurentides (15)",840,249.7
"Hatley","Estrie (05)",689,66.3
"Hatley","Estrie (05)",2188,74.1
"Havelock","Montérégie (16)",747,89
"Havre-Saint-Pierre","Côte-Nord (09)",3395,3932.3
"Hébertville","Saguenay--Lac-Saint-Jean (02)",2564,269.6
"Hébertville-Station","Saguenay--Lac-Saint-Jean (02)",1301,33.4
"Hemmingford","Montérégie (16)",2003,157.3
"Hemmingford","Montérégie (16)",797,1.1
"Henryville","Montérégie (16)",1436,69.3
"Hérouxville","Mauricie (04)",1311,53.4
"Hinchinbrooke","Montérégie (16)",2141,149.7
"Honfleur","Chaudière-Appalaches (12)",882,50.8
"Hope","Gaspésie--Îles-de-la-Madeleine (11)",580,71.2
"Hope Town","Gaspésie--Îles-de-la-Madeleine (11)",363,51.4
"Howick","Montérégie (16)",817,1
"Huberdeau","Laurentides (15)",889,59.7
"Hudson","Montérégie (16)",5292,36.4
"Huntingdon","Montérégie (16)",2511,2.9
"Inukjuak","Nord-du-Québec (10)",1887,64.8
"Inverness","Centre-du-Québec (17)",902,179.9
"Irlande","Chaudière-Appalaches (12)",869,111.9
"Ivry-sur-le-Lac","Laurentides (15)",370,34.7
"Ivujivik","Nord-du-Québec (10)",460,37
"Joliette","Lanaudière (14)",21136,23.8
"Kamouraska","Bas-Saint-Laurent (01)",609,146.3
"Kangiqsualujjuaq","Nord-du-Québec (10)",1028,35.6
"Kangiqsujuaq","Nord-du-Québec (10)",832,12.5
"Kangirsuk","Nord-du-Québec (10)",594,59.7
"Kawawachikamach","Nord-du-Québec (10)",0,284.9
"Kazabazua","Outaouais (07)",978,182.2
"Kiamika","Laurentides (15)",791,362.9
"Kingsbury","Estrie (05)",139,7.1
"Kingsey Falls","Centre-du-Québec (17)",1902,70.5
"Kinnear's Mills","Chaudière-Appalaches (12)",359,93.6
"Kipawa","Abitibi-Témiscamingue (08)",484,46.8
"Kirkland","Montréal (06)",20298,9.6
"Kuujjuaq","Nord-du-Québec (10)",2862,388.5
"Kuujjuarapik","Nord-du-Québec (10)",722,7.1
"La Bostonnais","Mauricie (04)",605,290.8
"La Conception","Laurentides (15)",1370,141.2
"La Corne","Abitibi-Témiscamingue (08)",749,332.3
"La Doré","Saguenay--Lac-Saint-Jean (02)",1386,299.9
"La Durantaye","Chaudière-Appalaches (12)",781,34.4
"La Guadeloupe","Chaudière-Appalaches (12)",1774,32.7
"La Macaza","Laurentides (15)",1087,175.9
"La Malbaie","Capitale-Nationale (03)",8164,697.5
"La Martre","Gaspésie--Îles-de-la-Madeleine (11)",216,179.1
"La Minerve","Laurentides (15)",1231,328.3
"La Morandière","Abitibi-Témiscamingue (08)",204,425.4
"La Motte","Abitibi-Témiscamingue (08)",444,216.1
"La Patrie","Estrie (05)",793,206.2
"La Pêche","Outaouais (07)",8153,616.4
"La Pocatière","Bas-Saint-Laurent (01)",4040,21.3
"La Prairie","Montérégie (16)",26192,54.7
"La Présentation","Montérégie (16)",2463,94.7
"La Rédemption","Bas-Saint-Laurent (01)",429,118.5
"La Reine","Abitibi-Témiscamingue (08)",351,98.5
"La Sarre","Abitibi-Témiscamingue (08)",7319,153.2
"La Trinité-des-Monts","Bas-Saint-Laurent (01)",229,236.6
"La Tuque","Mauricie (04)",10933,28293.7
"La Visitation-de-l'Île-Dupas","Lanaudière (14)",630,37.3
"La Visitation-de-Yamaska","Centre-du-Québec (17)",325,43.6
"Labelle","Laurentides (15)",2423,215.9
"Labrecque","Saguenay--Lac-Saint-Jean (02)",1350,158.4
"Lac-au-Saumon","Bas-Saint-Laurent (01)",1400,85
"Lac-aux-Sables","Mauricie (04)",1283,288.6
"Lac-Beauport","Capitale-Nationale (03)",7905,64.2
"Lac-Bouchette","Saguenay--Lac-Saint-Jean (02)",1165,978.7
"Lac-Brome","Montérégie (16)",5595,222.9
"Lac-Delage","Capitale-Nationale (03)",696,2.1
"Lac-des-Aigles","Bas-Saint-Laurent (01)",517,90.8
"Lac-des-Écorces","Laurentides (15)",2775,155.9
"Lac-des-Plages","Outaouais (07)",431,167.5
"Lac-des-Seize-Îles","Laurentides (15)",158,13.2
"Lac-Drolet","Estrie (05)",1033,128.1
"Lac-du-Cerf","Laurentides (15)",482,94.4
"Lac-Édouard","Mauricie (04)",184,993
"Lac-Etchemin","Chaudière-Appalaches (12)",3892,161.8
"Lac-Frontière","Chaudière-Appalaches (12)",176,51.4
"Lachute","Laurentides (15)",13427,112.8
"Lac-Mégantic","Estrie (05)",5601,25.2
"Lacolle","Montérégie (16)",2655,53.2
"Lac-Poulin","Chaudière-Appalaches (12)",146,1.5
"Lac-Saguay","Laurentides (15)",456,185.2
"Lac-Sainte-Marie","Outaouais (07)",601,240.2
"Lac-Saint-Joseph","Capitale-Nationale (03)",262,42.3
"Lac-Saint-Paul","Laurentides (15)",477,185.3
"Lac-Sergent","Capitale-Nationale (03)",505,5.6
"Lac-Simon","Outaouais (07)",969,121.9
"Lac-Supérieur","Laurentides (15)",1906,386.3
"Lac-Tremblant-Nord","Laurentides (15)",44,27.8
"Laforce","Abitibi-Témiscamingue (08)",550,590.9
"Lamarche","Saguenay--Lac-Saint-Jean (02)",481,93.7
"Lambton","Estrie (05)",1607,124.4
"L'Ancienne-Lorette","Capitale-Nationale (03)",16727,7.7
"Landrienne","Abitibi-Témiscamingue (08)",934,277.5
"L'Ange-Gardien","Outaouais (07)",5814,224.2
"L'Ange-Gardien","Capitale-Nationale (03)",3807,53.6
"Lanoraie","Lanaudière (14)",5017,115.4
"L'Anse-Saint-Jean","Saguenay--Lac-Saint-Jean (02)",1242,534.2
"Lantier","Laurentides (15)",903,54.4
"Larouche","Saguenay--Lac-Saint-Jean (02)",1612,89.2
"L'Ascension","Laurentides (15)",824,352.4
"L'Ascension-de-Notre-Seigneur","Saguenay--Lac-Saint-Jean (02)",2044,139.2
"L'Ascension-de-Patapédia","Gaspésie--Îles-de-la-Madeleine (11)",163,97
"L'Assomption","Lanaudière (14)",23380,100.7
"Latulipe-et-Gaboury","Abitibi-Témiscamingue (08)",290,300
"Launay","Abitibi-Témiscamingue (08)",217,259.2
"Laurier-Station","Chaudière-Appalaches (12)",2576,12
"Laurierville","Centre-du-Québec (17)",1322,108.8
"Laval","Laval (13)",439754,266.8
"Lavaltrie","Lanaudière (14)",14157,79.5
"L'Avenir","Centre-du-Québec (17)",1388,99
"Laverlochère-Angliers","Abitibi-Témiscamingue (08)",958,491.3
"Lawrenceville","Estrie (05)",632,17.2
"Lebel-sur-Quévillon","Nord-du-Québec (10)",2156,43
"Leclercville","Chaudière-Appalaches (12)",479,135.8
"Lefebvre","Centre-du-Québec (17)",948,66.1
"Lejeune","Bas-Saint-Laurent (01)",266,274.7
"Lemieux","Centre-du-Québec (17)",303,74.5
"L'Épiphanie","Lanaudière (14)",8899,58.2
"Léry","Montérégie (16)",2363,10.6
"Les Bergeronnes","Côte-Nord (09)",640,289.2
"Les Cèdres","Montérégie (16)",7076,88.1
"Les Coteaux","Montérégie (16)",5477,14.5
"Les Éboulements","Capitale-Nationale (03)",1327,157.3
"Les Escoumins","Côte-Nord (09)",1845,284.8
"Les Hauteurs","Bas-Saint-Laurent (01)",478,105.1
"Les Îles-de-la-Madeleine","Gaspésie--Îles-de-la-Madeleine (11)",12146,33924.4
"Les Méchins","Bas-Saint-Laurent (01)",940,474.3
"Lévis","Chaudière-Appalaches (12)",147440,498.3
"L'Île-Cadieux","Montérégie (16)",129,8.9
"L'Île-d'Anticosti","Côte-Nord (09)",199,9291.2
"L'Île-Dorval","Montréal (06)",5,0.2
"L'Île-du-Grand-Calumet","Outaouais (07)",634,147.3
"L'Île-Perrot","Montérégie (16)",11281,5.5
"Lingwick","Estrie (05)",456,249.2
"L'Isle-aux-Allumettes","Outaouais (07)",1316,210.6
"L'Isle-aux-Coudres","Capitale-Nationale (03)",1106,101
"L'Islet","Chaudière-Appalaches (12)",3787,177
"L'Isle-Verte","Bas-Saint-Laurent (01)",1279,223.5
"Litchfield","Outaouais (07)",459,213.9
"Lochaber","Outaouais (07)",431,71.8
"Lochaber-Partie-Ouest","Outaouais (07)",888,65.5
"Longue-Pointe-de-Mingan","Côte-Nord (09)",428,643.2
"Longue-Rive","Côte-Nord (09)",966,321.2
"Longueuil","Montérégie (16)",249338,122.6
"Lorraine","Laurentides (15)",9519,6
"Lorrainville","Abitibi-Témiscamingue (08)",1233,87.6
"Lotbinière","Chaudière-Appalaches (12)",791,100.2
"Louiseville","Mauricie (04)",7176,63.5
"Low","Outaouais (07)",1022,276.3
"Lyster","Centre-du-Québec (17)",1621,168.2
"Macamic","Abitibi-Témiscamingue (08)",2717,240.6
"Maddington Falls","Centre-du-Québec (17)",430,23.8
"Magog","Estrie (05)",27354,166.7
"Malartic","Abitibi-Témiscamingue (08)",3274,158.5
"Mandeville","Lanaudière (14)",2194,339.8
"Maniwaki","Outaouais (07)",3832,8.8
"Manseau","Centre-du-Québec (17)",807,107.6
"Mansfield-et-Pontefract","Outaouais (07)",2353,523.6
"Maria","Gaspésie--Îles-de-la-Madeleine (11)",2683,95.7
"Maricourt","Estrie (05)",430,62
"Marieville","Montérégie (16)",11179,62.7
"Marsoui","Gaspésie--Îles-de-la-Madeleine (11)",273,178.6
"Marston","Estrie (05)",720,79.1
"Martinville","Estrie (05)",445,48
"Mascouche","Lanaudière (14)",49466,107.6
"Maskinongé","Mauricie (04)",2347,74.2
"Massueville","Montérégie (16)",525,1.3
"Matagami","Nord-du-Québec (10)",1418,65.9
"Matane","Bas-Saint-Laurent (01)",14142,230.4
"Matapédia","Gaspésie--Îles-de-la-Madeleine (11)",618,72.8
"Mayo","Outaouais (07)",665,76.2
"McMasterville","Montérégie (16)",5909,3.4
"Melbourne","Estrie (05)",1064,173.4
"Mercier","Montérégie (16)",14337,46.5
"Messines","Outaouais (07)",1641,129.5
"Métabetchouan--Lac-à-la-Croix","Saguenay--Lac-Saint-Jean (02)",3928,193
"Métis-sur-Mer","Bas-Saint-Laurent (01)",551,266
"Milan","Estrie (05)",312,130.6
"Mille-Isles","Laurentides (15)",1622,61.9
"Mirabel","Laurentides (15)",57596,486.1
"Mistissini","Nord-du-Québec (10)",0,525.7
"Moffet","Abitibi-Témiscamingue (08)",191,427.6
"Montcalm","Laurentides (15)",625,128.5
"Mont-Carmel","Bas-Saint-Laurent (01)",1123,440.1
"Montcerf-Lytton","Outaouais (07)",628,379.7
"Montebello","Outaouais (07)",949,10.2
"Mont-Joli","Bas-Saint-Laurent (01)",6213,24.5
"Mont-Laurier","Laurentides (15)",14149,634
"Montmagny","Chaudière-Appalaches (12)",11078,145.5
"Montpellier","Outaouais (07)",1012,267.2
"Montréal","Montréal (06)",1801546,431.7
"Montréal-Est","Montréal (06)",4012,14
"Montréal-Ouest","Montréal (06)",5287,1.4
"Mont-Royal","Montréal (06)",22027,7.5
"Mont-Saint-Grégoire","Montérégie (16)",3203,81.2
"Mont-Saint-Hilaire","Montérégie (16)",19022,45.4
"Mont-Saint-Michel","Laurentides (15)",585,145.1
"Mont-Saint-Pierre","Gaspésie--Îles-de-la-Madeleine (11)",162,51.8
"Mont-Tremblant","Laurentides (15)",10113,248.1
"Morin-Heights","Laurentides (15)",4333,59.4
"Mulgrave-et-Derry","Outaouais (07)",359,317.9
"Murdochville","Gaspésie--Îles-de-la-Madeleine (11)",594,64.4
"Namur","Outaouais (07)",571,58
"Nantes","Estrie (05)",1413,120.3
"Napierville","Montérégie (16)",4110,4.5
"Natashquan","Côte-Nord (09)",270,695.4
"Notre-Dame-Auxiliatrice-de-Buckland","Chaudière-Appalaches (12)",757,96.8
"Notre-Dame-de-Bonsecours","Outaouais (07)",293,281.8
"Notre-Dame-du-Sacré-Coeur-d'Issoudun","Chaudière-Appalaches (12)",886,60.8
"Nédélec","Abitibi-Témiscamingue (08)",339,375.1
"Nemaska","Nord-du-Québec (10)",0,55.5
"Neuville","Capitale-Nationale (03)",4440,94.7
"New Carlisle","Gaspésie--Îles-de-la-Madeleine (11)",1410,68.1
"New Richmond","Gaspésie--Îles-de-la-Madeleine (11)",3709,199.5
"Newport","Estrie (05)",743,271.5
"Nicolet","Centre-du-Québec (17)",8454,129.3
"Nominingue","Laurentides (15)",2095,360.9
"Normandin","Saguenay--Lac-Saint-Jean (02)",3017,218.2
"Normétal","Abitibi-Témiscamingue (08)",779,55.4
"North Hatley","Estrie (05)",651,4.4
"Notre-Dame-de-Ham","Centre-du-Québec (17)",416,32
"Notre-Dame-de-la-Merci","Lanaudière (14)",937,262.5
"Notre-Dame-de-la-Paix","Outaouais (07)",644,107.4
"Notre-Dame-de-la-Salette","Outaouais (07)",786,117.9
"Notre-Dame-de-l'Île-Perrot","Montérégie (16)",11214,65.4
"Notre-Dame-de-Lorette","Saguenay--Lac-Saint-Jean (02)",179,343
"Notre-Dame-de-Lourdes","Lanaudière (14)",2909,36.2
"Notre-Dame-de-Lourdes","Centre-du-Québec (17)",697,83.6
"Notre-Dame-de-Montauban","Mauricie (04)",740,173.1
"Notre-Dame-de-Pontmain","Laurentides (15)",796,307.7
"Notre-Dame-des-Anges","Capitale-Nationale (03)",345,0
"Notre-Dame-des-Bois","Estrie (05)",960,191.5
"Notre-Dame-des-Monts","Capitale-Nationale (03)",806,57.6
"Notre-Dame-des-Neiges","Bas-Saint-Laurent (01)",1044,93.9
"Notre-Dame-des-Pins","Chaudière-Appalaches (12)",1718,25
"Notre-Dame-des-Prairies","Lanaudière (14)",9454,18.6
"Notre-Dame-des-Sept-Douleurs","Bas-Saint-Laurent (01)",35,142.8
"Notre-Dame-de-Stanbridge","Montérégie (16)",668,44
"Notre-Dame-du-Bon-Conseil","Centre-du-Québec (17)",1624,4.4
"Notre-Dame-du-Bon-Conseil","Centre-du-Québec (17)",1000,88.2
"Notre-Dame-du-Laus","Laurentides (15)",1568,961
"Notre-Dame-du-Mont-Carmel","Mauricie (04)",5970,130.6
"Notre-Dame-du-Nord","Abitibi-Témiscamingue (08)",994,89.9
"Notre-Dame-du-Portage","Bas-Saint-Laurent (01)",1159,115.7
"Notre-Dame-du-Rosaire","Chaudière-Appalaches (12)",377,165.5
"Nouvelle","Gaspésie--Îles-de-la-Madeleine (11)",1712,236.3
"Noyan","Montérégie (16)",1448,49.7
"Ogden","Estrie (05)",736,83.8
"Oka","Laurentides (15)",5852,96.5
"Orford","Estrie (05)",4666,148.2
"Ormstown","Montérégie (16)",3682,143.6
"Otter Lake","Outaouais (07)",929,493.6
"Otterburn Park","Montérégie (16)",8280,5.7
"Packington","Bas-Saint-Laurent (01)",597,123.9
"Padoue","Bas-Saint-Laurent (01)",236,67.8
"Palmarolle","Abitibi-Témiscamingue (08)",1408,135.4
"Papineauville","Outaouais (07)",2092,64.8
"Parisville","Centre-du-Québec (17)",518,35.9
"Paspébiac","Gaspésie--Îles-de-la-Madeleine (11)",3096,96.1
"Percé","Gaspésie--Îles-de-la-Madeleine (11)",3051,555
"Péribonka","Saguenay--Lac-Saint-Jean (02)",497,130.3
"Petite-Rivière-Saint-François","Capitale-Nationale (03)",851,149.9
"Petite-Vallée","Gaspésie--Îles-de-la-Madeleine (11)",174,40.8
"Petit-Saguenay","Saguenay--Lac-Saint-Jean (02)",614,339.7
"Piedmont","Laurentides (15)",3129,24.7
"Pierreville","Centre-du-Québec (17)",2192,124.8
"Pike River","Montérégie (16)",512,41.4
"Pincourt","Montérégie (16)",14968,7.1
"Piopolis","Estrie (05)",348,111.4
"Plaisance","Outaouais (07)",1102,50.1
"Plessisville","Centre-du-Québec (17)",2628,141.1
"Plessisville","Centre-du-Québec (17)",6583,4.8
"Pohénégamook","Bas-Saint-Laurent (01)",2495,351.2
"Pointe-à-la-Croix","Gaspésie--Îles-de-la-Madeleine (11)",1386,417
"Pointe-aux-Outardes","Côte-Nord (09)",1305,112.3
"Pointe-Calumet","Laurentides (15)",6477,11.7
"Pointe-Claire","Montréal (06)",33382,34.7
"Pointe-des-Cascades","Montérégie (16)",1738,10
"Pointe-Fortune","Montérégie (16)",582,9.5
"Pointe-Lebel","Côte-Nord (09)",1861,122.2
"Pontiac","Outaouais (07)",5935,503.2
"Pont-Rouge","Capitale-Nationale (03)",9874,123.7
"Portage-du-Fort","Outaouais (07)",215,4.2
"Port-Cartier","Côte-Nord (09)",6574,1371.8
"Port-Daniel--Gascons","Gaspésie--Îles-de-la-Madeleine (11)",2236,334.8
"Portneuf","Capitale-Nationale (03)",3240,117.2
"Portneuf-sur-Mer","Côte-Nord (09)",613,210.1
"Potton","Estrie (05)",1817,277.4
"Poularies","Abitibi-Témiscamingue (08)",692,169.7
"Preissac","Abitibi-Témiscamingue (08)",900,506.3
"Prévost","Laurentides (15)",13328,35.2
"Price","Bas-Saint-Laurent (01)",1751,2.5
"Princeville","Centre-du-Québec (17)",6230,197
"Puvirnituq","Nord-du-Québec (10)",1902,111.4
"Quaqtaq","Nord-du-Québec (10)",441,26.5
"Québec","Capitale-Nationale (03)",546958,485.2
"Racine","Estrie (05)",1372,107.4
"Ragueneau","Côte-Nord (09)",1324,215.4
"Rapide-Danseur","Abitibi-Témiscamingue (08)",336,185.7
"Rapides-des-Joachims","Outaouais (07)",149,257.4
"Rawdon","Lanaudière (14)",11402,193
"Rémigny","Abitibi-Témiscamingue (08)",265,997.3
"Repentigny","Lanaudière (14)",85751,71.2
"Richelieu","Montérégie (16)",5479,32.4
"Richmond","Estrie (05)",3265,7
"Rigaud","Montérégie (16)",7970,113.7
"Rimouski","Bas-Saint-Laurent (01)",49507,533.6
"Ripon","Outaouais (07)",1617,136.8
"Ristigouche-Partie-Sud-Est","Gaspésie--Îles-de-la-Madeleine (11)",164,53.8
"Rivière-à-Claude","Gaspésie--Îles-de-la-Madeleine (11)",125,156.2
"Rivière-à-Pierre","Capitale-Nationale (03)",550,537.8
"Rivière-au-Tonnerre","Côte-Nord (09)",264,641.7
"Rivière-Beaudette","Montérégie (16)",2321,25.2
"Rivière-Bleue","Bas-Saint-Laurent (01)",1198,182
"Rivière-du-Loup","Bas-Saint-Laurent (01)",20017,140.1
"Rivière-Éternité","Saguenay--Lac-Saint-Jean (02)",412,528.5
"Rivière-Héva","Abitibi-Témiscamingue (08)",1496,492.9
"Rivière-Ouelle","Bas-Saint-Laurent (01)",967,147.9
"Rivière-Rouge","Laurentides (15)",4430,499.6
"Rivière-Saint-Jean","Côte-Nord (09)",211,743.3
"Roberval","Saguenay--Lac-Saint-Jean (02)",9886,202.5
"Rochebaucourt","Abitibi-Témiscamingue (08)",130,184.9
"Roquemaure","Abitibi-Témiscamingue (08)",405,154
"Rosemère","Laurentides (15)",13963,12.2
"Rougemont","Montérégie (16)",2819,44.4
"Rouyn-Noranda","Abitibi-Témiscamingue (08)",43011,6483.7
"Roxton","Montérégie (16)",1091,149.9
"Roxton Falls","Montérégie (16)",1310,5.1
"Roxton Pond","Montérégie (16)",4092,103.1
"Sacré-Coeur","Côte-Nord (09)",1790,341.1
"Sacré-Coeur-de-Jésus","Chaudière-Appalaches (12)",536,105
"Saguenay","Saguenay--Lac-Saint-Jean (02)",146606,1291.4
"Saint-Adalbert","Chaudière-Appalaches (12)",485,218.8
"Saint-Adelme","Bas-Saint-Laurent (01)",505,102.4
"Saint-Adelphe","Mauricie (04)",945,139.1
"Saint-Adolphe-d'Howard","Laurentides (15)",3526,149
"Saint-Adrien","Estrie (05)",515,98.6
"Saint-Adrien-d'Irlande","Chaudière-Appalaches (12)",396,53
"Saint-Agapit","Chaudière-Appalaches (12)",4457,64.2
"Saint-Aimé","Montérégie (16)",458,62.4
"Saint-Aimé-des-Lacs","Capitale-Nationale (03)",1112,97.5
"Saint-Aimé-du-Lac-des-Îles","Laurentides (15)",785,181.9
"Saint-Alban","Capitale-Nationale (03)",1199,159.7
"Saint-Albert","Centre-du-Québec (17)",1675,70.3
"Saint-Alexandre","Montérégie (16)",2540,76
"Saint-Alexandre-de-Kamouraska","Bas-Saint-Laurent (01)",2217,117.1
"Saint-Alexandre-des-Lacs","Bas-Saint-Laurent (01)",284,91.6
"Saint-Alexis","Lanaudière (14)",1322,43.2
"Saint-Alexis-de-Matapédia","Gaspésie--Îles-de-la-Madeleine (11)",498,85
"Saint-Alexis-des-Monts","Mauricie (04)",2901,1138.7
"Saint-Alfred","Chaudière-Appalaches (12)",517,44.1
"Saint-Alphonse","Gaspésie--Îles-de-la-Madeleine (11)",707,112.2
"Saint-Alphonse-de-Granby","Montérégie (16)",3269,50
"Saint-Alphonse-Rodriguez","Lanaudière (14)",3248,105.4
"Saint-Amable","Montérégie (16)",12946,36.9
"Saint-Ambroise","Saguenay--Lac-Saint-Jean (02)",3996,151.6
"Saint-Ambroise-de-Kildare","Lanaudière (14)",3951,67.8
"Saint-Anaclet-de-Lessard","Bas-Saint-Laurent (01)",3064,129.3
"Saint-André","Bas-Saint-Laurent (01)",679,456.1
"Saint-André-Avellin","Outaouais (07)",3744,138.7
"Saint-André-d'Argenteuil","Laurentides (15)",2976,101.7
"Saint-André-de-Restigouche","Gaspésie--Îles-de-la-Madeleine (11)",155,144.1
"Saint-André-du-Lac-Saint-Jean","Saguenay--Lac-Saint-Jean (02)",466,149.4
"Saint-Anicet","Montérégie (16)",2669,179.5
"Saint-Anselme","Chaudière-Appalaches (12)",4000,75
"Saint-Antoine-de-Tilly","Chaudière-Appalaches (12)",1640,59.8
"Saint-Antoine-de-l'Isle-aux-Grues","Chaudière-Appalaches (12)",136,24.2
"Saint-Antoine-sur-Richelieu","Montérégie (16)",1706,67.9
"Saint-Antonin","Bas-Saint-Laurent (01)",4219,177.4
"Saint-Apollinaire","Chaudière-Appalaches (12)",7093,98.2
"Saint-Armand","Montérégie (16)",1227,83.8
"Saint-Arsène","Bas-Saint-Laurent (01)",1221,71
"Saint-Athanase","Bas-Saint-Laurent (01)",306,292.6
"Saint-Aubert","Chaudière-Appalaches (12)",1453,100.8
"Saint-Augustin","Côte-Nord (09)",668,2087.3
"Saint-Augustin","Saguenay--Lac-Saint-Jean (02)",339,105
"Saint-Augustin-de-Desmaures","Capitale-Nationale (03)",19477,105.3
"Saint-Augustin-de-Woburn","Estrie (05)",696,283.1
"Saint-Barnabé","Mauricie (04)",1192,59.3
"Saint-Barnabé-Sud","Montérégie (16)",875,58
"Saint-Barthélemy","Lanaudière (14)",2030,107.1
"Saint-Basile","Capitale-Nationale (03)",2674,98.9
"Saint-Basile-le-Grand","Montérégie (16)",17323,36.8
"Saint-Benjamin","Chaudière-Appalaches (12)",1009,112.6
"Saint-Benoît-du-Lac","Estrie (05)",30,2.4
"Saint-Benoît-Labre","Chaudière-Appalaches (12)",1623,87.2
"Saint-Bernard","Chaudière-Appalaches (12)",2470,90.8
"Saint-Bernard-de-Lacolle","Montérégie (16)",1600,113.6
"Saint-Bernard-de-Michaudville","Montérégie (16)",598,65.8
"Saint-Blaise-sur-Richelieu","Montérégie (16)",2113,72
"Saint-Bonaventure","Centre-du-Québec (17)",1030,80.9
"Saint-Boniface","Mauricie (04)",4994,111.9
"Saint-Bruno","Saguenay--Lac-Saint-Jean (02)",2937,78
"Saint-Bruno-de-Guigues","Abitibi-Témiscamingue (08)",1125,186.5
"Saint-Bruno-de-Kamouraska","Bas-Saint-Laurent (01)",534,188.7
"Saint-Bruno-de-Montarville","Montérégie (16)",26855,43.2
"Saint-Calixte","Lanaudière (14)",6402,146.7
"Saint-Camille","Estrie (05)",536,83.6
"Saint-Camille-de-Lellis","Chaudière-Appalaches (12)",727,252
"Saint-Casimir","Capitale-Nationale (03)",1435,68.2
"Saint-Célestin","Centre-du-Québec (17)",862,1.4
"Saint-Célestin","Centre-du-Québec (17)",598,77.8
"Saint-Césaire","Montérégie (16)",5922,84
"Saint-Charles-Borromée","Lanaudière (14)",14575,18.7
"Saint-Charles-de-Bellechasse","Chaudière-Appalaches (12)",2492,95
"Saint-Charles-de-Bourget","Saguenay--Lac-Saint-Jean (02)",775,64.8
"Saint-Charles-Garnier","Bas-Saint-Laurent (01)",232,85.6
"Saint-Charles-sur-Richelieu","Montérégie (16)",1720,66.5
"Saint-Christophe-d'Arthabaska","Centre-du-Québec (17)",3095,69.3
"Saint-Chrysostome","Montérégie (16)",2721,100.5
"Saint-Claude","Estrie (05)",1190,121.5
"Saint-Clément","Bas-Saint-Laurent (01)",470,80.4
"Saint-Cléophas","Bas-Saint-Laurent (01)",333,98.5
"Saint-Cléophas-de-Brandon","Lanaudière (14)",219,15.3
"Saint-Clet","Montérégie (16)",1797,39.1
"Saint-Colomban","Laurentides (15)",17156,93.9
"Saint-Côme","Lanaudière (14)",2277,169.8
"Saint-Côme--Linière","Chaudière-Appalaches (12)",3256,152.3
"Saint-Constant","Montérégie (16)",29273,57.1
"Saint-Cuthbert","Lanaudière (14)",1869,131.5
"Saint-Cyprien","Bas-Saint-Laurent (01)",1079,141
"Saint-Cyprien","Chaudière-Appalaches (12)",488,94.3
"Saint-Cyprien-de-Napierville","Montérégie (16)",2041,98
"Saint-Cyrille-de-Lessard","Chaudière-Appalaches (12)",729,232.8
"Saint-Cyrille-de-Wendover","Centre-du-Québec (17)",4896,109.8
"Saint-Damase","Bas-Saint-Laurent (01)",347,119.6
"Saint-Damase","Montérégie (16)",2521,80.7
"Saint-Damase-de-L'Islet","Chaudière-Appalaches (12)",535,251.8
"Saint-Damien","Lanaudière (14)",2175,269.2
"Saint-Damien-de-Buckland","Chaudière-Appalaches (12)",1877,82.9
"Saint-David","Montérégie (16)",861,92.8
"Saint-David-de-Falardeau","Saguenay--Lac-Saint-Jean (02)",2880,421.9
"Saint-Denis-De La Bouteillerie","Bas-Saint-Laurent (01)",510,97.9
"Saint-Denis-de-Brompton","Estrie (05)",4385,75.3
"Saint-Denis-sur-Richelieu","Montérégie (16)",2303,86.3
"Saint-Didace","Lanaudière (14)",682,103.3
"Saint-Dominique","Montérégie (16)",2600,71
"Saint-Dominique-du-Rosaire","Abitibi-Témiscamingue (08)",445,505.2
"Saint-Donat","Lanaudière (14)",4002,389.1
"Saint-Donat","Bas-Saint-Laurent (01)",841,95.9
"Sainte-Adèle","Laurentides (15)",13495,124.5
"Sainte-Agathe-de-Lotbinière","Chaudière-Appalaches (12)",1130,167
"Sainte-Agathe-des-Monts","Laurentides (15)",10832,140.9
"Sainte-Angèle-de-Mérici","Bas-Saint-Laurent (01)",940,108.2
"Sainte-Angèle-de-Monnoir","Montérégie (16)",1770,45
"Sainte-Angèle-de-Prémont","Mauricie (04)",612,37.7
"Sainte-Anne-de-Beaupré","Capitale-Nationale (03)",2889,68.4
"Sainte-Anne-de-Bellevue","Montréal (06)",5038,11.2
"Sainte-Anne-de-la-Pérade","Mauricie (04)",1953,130.2
"Sainte-Anne-de-la-Pocatière","Bas-Saint-Laurent (01)",1606,79.5
"Sainte-Anne-de-la-Rochelle","Estrie (05)",632,61.9
"Sainte-Anne-de-Sabrevois","Montérégie (16)",2138,48.4
"Sainte-Anne-des-Lacs","Laurentides (15)",3633,27.5
"Sainte-Anne-des-Monts","Gaspésie--Îles-de-la-Madeleine (11)",6273,339.6
"Sainte-Anne-de-Sorel","Montérégie (16)",2766,58.9
"Sainte-Anne-des-Plaines","Laurentides (15)",14974,94.3
"Sainte-Anne-du-Lac","Laurentides (15)",558,345.7
"Sainte-Apolline-de-Patton","Chaudière-Appalaches (12)",536,258.4
"Sainte-Aurélie","Chaudière-Appalaches (12)",832,80.3
"Sainte-Barbe","Montérégie (16)",1424,67.3
"Sainte-Béatrix","Lanaudière (14)",2137,83.9
"Sainte-Brigide-d'Iberville","Montérégie (16)",1414,70.7
"Sainte-Brigitte-de-Laval","Capitale-Nationale (03)",8059,108.9
"Sainte-Brigitte-des-Saults","Centre-du-Québec (17)",708,71.8
"Sainte-Catherine","Montérégie (16)",17463,15.9
"Sainte-Catherine-de-Hatley","Estrie (05)",2588,99
"Sainte-Cécile-de-Lévrard","Centre-du-Québec (17)",382,32.3
"Sainte-Cécile-de-Milton","Montérégie (16)",2229,73.1
"Sainte-Cécile-de-Whitton","Estrie (05)",865,149.2
"Sainte-Christine","Montérégie (16)",712,91.6
"Sainte-Christine-d'Auvergne","Capitale-Nationale (03)",594,149.9
"Sainte-Claire","Chaudière-Appalaches (12)",3484,89.3
"Sainte-Clotilde","Montérégie (16)",2386,78.5
"Sainte-Clotilde-de-Beauce","Chaudière-Appalaches (12)",558,60.4
"Sainte-Clotilde-de-Horton","Centre-du-Québec (17)",1582,116.9
"Sainte-Croix","Chaudière-Appalaches (12)",2513,72.6
"Saint-Edmond-de-Grantham","Centre-du-Québec (17)",768,48.5
"Saint-Edmond-les-Plaines","Saguenay--Lac-Saint-Jean (02)",375,86.7
"Saint-Édouard","Montérégie (16)",1373,52.5
"Saint-Édouard-de-Fabre","Abitibi-Témiscamingue (08)",609,216.9
"Saint-Édouard-de-Lotbinière","Chaudière-Appalaches (12)",1192,98.7
"Saint-Édouard-de-Maskinongé","Mauricie (04)",716,53.9
"Sainte-Edwidge-de-Clifton","Estrie (05)",542,101.9
"Sainte-Élisabeth","Lanaudière (14)",1441,82.9
"Sainte-Élizabeth-de-Warwick","Centre-du-Québec (17)",377,51.6
"Sainte-Émélie-de-l'Énergie","Lanaudière (14)",1638,155.4
"Sainte-Eulalie","Centre-du-Québec (17)",944,86
"Sainte-Euphémie-sur-Rivière-du-Sud","Chaudière-Appalaches (12)",329,92.7
"Sainte-Famille-de-l'Île-d'Orléans","Capitale-Nationale (03)",962,50.8
"Sainte-Félicité","Bas-Saint-Laurent (01)",1106,91.5
"Sainte-Félicité","Chaudière-Appalaches (12)",364,94.4
"Sainte-Flavie","Bas-Saint-Laurent (01)",886,38.6
"Sainte-Florence","Bas-Saint-Laurent (01)",366,103.3
"Sainte-Françoise","Bas-Saint-Laurent (01)",395,90.2
"Sainte-Françoise","Centre-du-Québec (17)",451,87.5
"Sainte-Geneviève-de-Batiscan","Mauricie (04)",996,100.4
"Sainte-Geneviève-de-Berthier","Lanaudière (14)",2346,73.1
"Sainte-Germaine-Boulé","Abitibi-Témiscamingue (08)",963,111.3
"Sainte-Gertrude-Manneville","Abitibi-Témiscamingue (08)",777,320.6
"Sainte-Hedwidge","Saguenay--Lac-Saint-Jean (02)",873,479.4
"Sainte-Hélène-de-Bagot","Montérégie (16)",1691,71.3
"Sainte-Hélène-de-Chester","Centre-du-Québec (17)",401,84
"Sainte-Hélène-de-Kamouraska","Bas-Saint-Laurent (01)",893,60.9
"Sainte-Hélène-de-Mancebourg","Abitibi-Témiscamingue (08)",382,69
"Sainte-Hénédine","Chaudière-Appalaches (12)",1328,51.3
"Sainte-Irène","Bas-Saint-Laurent (01)",320,136.4
"Sainte-Jeanne-d'Arc","Saguenay--Lac-Saint-Jean (02)",1043,275.7
"Sainte-Jeanne-d'Arc","Bas-Saint-Laurent (01)",285,113.9
"Sainte-Julie","Montérégie (16)",30200,49.1
"Sainte-Julienne","Lanaudière (14)",10678,100.5
"Sainte-Justine","Chaudière-Appalaches (12)",1811,126.6
"Sainte-Justine-de-Newton","Montérégie (16)",971,84.8
"Saint-Élie-de-Caxton","Mauricie (04)",1878,130.1
"Saint-Éloi","Bas-Saint-Laurent (01)",296,66.6
"Sainte-Louise","Chaudière-Appalaches (12)",679,76.9
"Saint-Elphège","Centre-du-Québec (17)",273,42.4
"Sainte-Luce","Bas-Saint-Laurent (01)",2771,72.5
"Sainte-Lucie-de-Beauregard","Chaudière-Appalaches (12)",271,81.7
"Sainte-Lucie-des-Laurentides","Laurentides (15)",1376,111.9
"Saint-Elzéar","Chaudière-Appalaches (12)",2530,87.2
"Saint-Elzéar","Gaspésie--Îles-de-la-Madeleine (11)",440,208.6
"Saint-Elzéar-de-Témiscouata","Bas-Saint-Laurent (01)",324,151.3
"Sainte-Madeleine","Montérégie (16)",2265,5.3
"Sainte-Madeleine-de-la-Rivière-Madeleine","Gaspésie--Îles-de-la-Madeleine (11)",277,264.9
"Sainte-Marcelline-de-Kildare","Lanaudière (14)",1672,36.3
"Sainte-Marguerite","Chaudière-Appalaches (12)",1133,83.3
"Sainte-Marguerite-du-Lac-Masson","Laurentides (15)",3079,98.5
"Sainte-Marguerite-Marie","Bas-Saint-Laurent (01)",168,86.7
"Sainte-Marie","Chaudière-Appalaches (12)",13606,109.1
"Sainte-Marie-de-Blandford","Centre-du-Québec (17)",456,69.6
"Sainte-Marie-Madeleine","Montérégie (16)",2914,49.8
"Sainte-Marie-Salomé","Lanaudière (14)",1213,33.5
"Sainte-Marthe","Montérégie (16)",1030,79.9
"Sainte-Marthe-sur-le-Lac","Laurentides (15)",19467,12.8
"Sainte-Martine","Montérégie (16)",5640,64.5
"Sainte-Mélanie","Lanaudière (14)",3142,78.4
"Saint-Émile-de-Suffolk","Outaouais (07)",480,59.4
"Sainte-Monique","Centre-du-Québec (17)",518,59.4
"Sainte-Monique","Saguenay--Lac-Saint-Jean (02)",863,163.5
"Sainte-Paule","Bas-Saint-Laurent (01)",245,88.2
"Sainte-Perpétue","Chaudière-Appalaches (12)",1588,293.6
"Sainte-Perpétue","Centre-du-Québec (17)",981,71.5
"Sainte-Pétronille","Capitale-Nationale (03)",1086,4.3
"Saint-Éphrem-de-Beauce","Chaudière-Appalaches (12)",2381,118.9
"Saint-Épiphane","Bas-Saint-Laurent (01)",839,82.8
"Sainte-Praxède","Chaudière-Appalaches (12)",315,155.1
"Sainte-Rita","Bas-Saint-Laurent (01)",294,132.5
"Sainte-Rose-de-Watford","Chaudière-Appalaches (12)",730,115.8
"Sainte-Rose-du-Nord","Saguenay--Lac-Saint-Jean (02)",414,157.7
"Sainte-Sabine","Montérégie (16)",1103,55.2
"Sainte-Sabine","Chaudière-Appalaches (12)",353,68.1
"Sainte-Séraphine","Centre-du-Québec (17)",372,76
"Sainte-Sophie","Laurentides (15)",17184,111.5
"Sainte-Sophie-de-Lévrard","Centre-du-Québec (17)",698,82.3
"Sainte-Sophie-d'Halifax","Centre-du-Québec (17)",584,92.3
"Saint-Esprit","Lanaudière (14)",2014,54.6
"Sainte-Thècle","Mauricie (04)",2429,221.5
"Sainte-Thérèse","Laurentides (15)",26460,9.4
"Sainte-Thérèse-de-Gaspé","Gaspésie--Îles-de-la-Madeleine (11)",995,34.9
"Sainte-Thérèse-de-la-Gatineau","Outaouais (07)",558,79.4
"Saint-Étienne-de-Beauharnois","Montérégie (16)",957,41.4
"Saint-Étienne-de-Bolton","Estrie (05)",735,48.8
"Saint-Étienne-des-Grès","Mauricie (04)",4636,105.9
"Saint-Eugène","Centre-du-Québec (17)",1138,76.3
"Saint-Eugène-d'Argentenay","Saguenay--Lac-Saint-Jean (02)",457,87.2
"Saint-Eugène-de-Guigues","Abitibi-Témiscamingue (08)",456,116.6
"Saint-Eugène-de-Ladrière","Bas-Saint-Laurent (01)",393,356
"Sainte-Ursule","Mauricie (04)",1345,68.4
"Saint-Eusèbe","Bas-Saint-Laurent (01)",587,131.3
"Saint-Eustache","Laurentides (15)",45230,72.4
"Saint-Évariste-de-Forsyth","Chaudière-Appalaches (12)",566,112
"Sainte-Victoire-de-Sorel","Montérégie (16)",2478,76.3
"Saint-Fabien","Bas-Saint-Laurent (01)",1799,125.1
"Saint-Fabien-de-Panet","Chaudière-Appalaches (12)",925,188.9
"Saint-Faustin--Lac-Carré","Laurentides (15)",3584,128.9
"Saint-Félicien","Saguenay--Lac-Saint-Jean (02)",10266,387.2
"Saint-Félix-de-Dalquier","Abitibi-Témiscamingue (08)",939,113.8
"Saint-Félix-de-Kingsey","Centre-du-Québec (17)",1468,127.9
"Saint-Félix-de-Valois","Lanaudière (14)",6682,89.8
"Saint-Félix-d'Otis","Saguenay--Lac-Saint-Jean (02)",1009,279.9
"Saint-Ferdinand","Centre-du-Québec (17)",2050,142.7
"Saint-Ferréol-les-Neiges","Capitale-Nationale (03)",3462,85
"Saint-Flavien","Chaudière-Appalaches (12)",1624,65.9
"Saint-Fortunat","Chaudière-Appalaches (12)",262,76.5
"Saint-François-d'Assise","Gaspésie--Îles-de-la-Madeleine (11)",631,179.8
"Saint-François-de-la-Rivière-du-Sud","Chaudière-Appalaches (12)",1627,97
"Saint-François-de-l'Île-d'Orléans","Capitale-Nationale (03)",569,103.2
"Saint-François-de-Sales","Saguenay--Lac-Saint-Jean (02)",628,203.3
"Saint-François-du-Lac","Centre-du-Québec (17)",1966,83.6
"Saint-François-Xavier-de-Brompton","Estrie (05)",2387,98.7
"Saint-François-Xavier-de-Viger","Bas-Saint-Laurent (01)",249,112.9
"Saint-Frédéric","Chaudière-Appalaches (12)",1076,72.4
"Saint-Fulgence","Saguenay--Lac-Saint-Jean (02)",2113,394.1
"Saint-Gabriel","Lanaudière (14)",2673,12.7
"Saint-Gabriel-de-Brandon","Lanaudière (14)",2654,101.2
"Saint-Gabriel-de-Rimouski","Bas-Saint-Laurent (01)",1149,129.4
"Saint-Gabriel-de-Valcartier","Capitale-Nationale (03)",3560,447.5
"Saint-Gabriel-Lalemant","Bas-Saint-Laurent (01)",695,79.2
"Saint-Gédéon","Saguenay--Lac-Saint-Jean (02)",2164,83.5
"Saint-Gédéon-de-Beauce","Chaudière-Appalaches (12)",2157,200.2
"Saint-Georges","Chaudière-Appalaches (12)",33348,202.5
"Saint-Georges-de-Clarenceville","Montérégie (16)",1160,81.3
"Saint-Georges-de-Windsor","Estrie (05)",958,127.8
"Saint-Gérard-Majella","Montérégie (16)",230,37.8
"Saint-Germain","Bas-Saint-Laurent (01)",283,92.3
"Saint-Germain-de-Grantham","Centre-du-Québec (17)",4979,87.6
"Saint-Gervais","Chaudière-Appalaches (12)",2197,90.2
"Saint-Gilbert","Capitale-Nationale (03)",297,37.8
"Saint-Gilles","Chaudière-Appalaches (12)",2686,181.2
"Saint-Godefroi","Gaspésie--Îles-de-la-Madeleine (11)",335,64
"Saint-Guillaume","Centre-du-Québec (17)",1486,88.4
"Saint-Guy","Bas-Saint-Laurent (01)",53,144.2
"Saint-Henri","Chaudière-Appalaches (12)",5705,124.6
"Saint-Henri-de-Taillon","Saguenay--Lac-Saint-Jean (02)",877,62.8
"Saint-Herménégilde","Estrie (05)",704,168.4
"Saint-Hilaire-de-Dorset","Chaudière-Appalaches (12)",99,189.3
"Saint-Hilarion","Capitale-Nationale (03)",1118,101.2
"Saint-Hippolyte","Laurentides (15)",9886,132.7
"Saint-Honoré","Saguenay--Lac-Saint-Jean (02)",6026,192.6
"Saint-Honoré-de-Shenley","Chaudière-Appalaches (12)",1548,133.7
"Saint-Honoré-de-Témiscouata","Bas-Saint-Laurent (01)",736,263.5
"Saint-Hubert-de-Rivière-du-Loup","Bas-Saint-Laurent (01)",1350,199.3
"Saint-Hugues","Montérégie (16)",1352,85.9
"Saint-Hyacinthe","Montérégie (16)",56886,191.3
"Saint-Ignace-de-Loyola","Lanaudière (14)",2054,72.8
"Saint-Ignace-de-Stanbridge","Montérégie (16)",699,69.6
"Saint-Irénée","Capitale-Nationale (03)",652,154.4
"Saint-Isidore","Montérégie (16)",2710,52
"Saint-Isidore","Chaudière-Appalaches (12)",3072,102.7
"Saint-Isidore-de-Clifton","Estrie (05)",666,177.9
"Saint-Jacques","Lanaudière (14)",4148,67.2
"Saint-Jacques-de-Leeds","Chaudière-Appalaches (12)",681,83.1
"Saint-Jacques-le-Mineur","Montérégie (16)",1922,67.7
"Saint-Jacques-le-Majeur-de-Wolfestown","Chaudière-Appalaches (12)",178,61.7
"Saint-Janvier-de-Joly","Chaudière-Appalaches (12)",1043,111.6
"Saint-Jean-Baptiste","Montérégie (16)",3203,72.9
"Saint-Jean-de-Brébeuf","Chaudière-Appalaches (12)",363,79.2
"Saint-Jean-de-Cherbourg","Bas-Saint-Laurent (01)",168,113.9
"Saint-Jean-de-Dieu","Bas-Saint-Laurent (01)",1596,152.9
"Saint-Jean-de-la-Lande","Bas-Saint-Laurent (01)",240,109.5
"Saint-Jean-de-l'Île-d'Orléans","Capitale-Nationale (03)",1253,43.6
"Saint-Jean-de-Matha","Lanaudière (14)",4517,112.6
"Saint-Jean-Port-Joli","Chaudière-Appalaches (12)",3418,242.1
"Saint-Jean-sur-Richelieu","Montérégie (16)",98036,233.7
"Saint-Jérôme","Laurentides (15)",78839,92.4
"Saint-Joachim","Capitale-Nationale (03)",1415,48.1
"Saint-Joachim-de-Shefford","Montérégie (16)",1369,128.9
"Saint-Joseph-de-Beauce","Chaudière-Appalaches (12)",4891,116
"Saint-Joseph-de-Coleraine","Chaudière-Appalaches (12)",1718,134.4
"Saint-Joseph-de-Kamouraska","Bas-Saint-Laurent (01)",391,86.9
"Saint-Joseph-de-Lepage","Bas-Saint-Laurent (01)",539,32.1
"Saint-Joseph-des-Érables","Chaudière-Appalaches (12)",412,52.5
"Saint-Joseph-de-Sorel","Montérégie (16)",1608,3.3
"Saint-Joseph-du-Lac","Laurentides (15)",7078,41.8
"Saint-Jude","Montérégie (16)",1352,77.8
"Saint-Jules","Chaudière-Appalaches (12)",550,55.8
"Saint-Julien","Chaudière-Appalaches (12)",368,82.7
"Saint-Just-de-Bretenières","Chaudière-Appalaches (12)",656,133.5
"Saint-Juste-du-Lac","Bas-Saint-Laurent (01)",574,189.3
"Saint-Justin","Mauricie (04)",994,79.9
"Saint-Lambert","Abitibi-Témiscamingue (08)",197,101.3
"Saint-Lambert","Montérégie (16)",22725,10.1
"Saint-Lambert-de-Lauzon","Chaudière-Appalaches (12)",6762,109.8
"Saint-Laurent-de-l'Île-d'Orléans","Capitale-Nationale (03)",1812,35.1
"Saint-Lazare","Montérégie (16)",21250,67.5
"Saint-Lazare-de-Bellechasse","Chaudière-Appalaches (12)",1319,86
"Saint-Léandre","Bas-Saint-Laurent (01)",366,105.8
"Saint-Léonard-d'Aston","Centre-du-Québec (17)",2449,85.4
"Saint-Léonard-de-Portneuf","Capitale-Nationale (03)",1132,145.7
"Saint-Léon-de-Standon","Chaudière-Appalaches (12)",1110,137.7
"Saint-Léon-le-Grand","Bas-Saint-Laurent (01)",946,129.5
"Saint-Léon-le-Grand","Mauricie (04)",923,75.7
"Saint-Liboire","Montérégie (16)",3066,75.1
"Saint-Liguori","Lanaudière (14)",2017,51.798
"Saint-Lin--Laurentides","Lanaudière (14)",22663,118.7
"Saint-Louis","Montérégie (16)",717,48.4
"Saint-Louis-de-Gonzague-du-Cap-Tourmente","Capitale-Nationale (03)",2,0.5
"Saint-Louis-de-Blandford","Centre-du-Québec (17)",1139,107.5
"Saint-Louis-de-Gonzague","Montérégie (16)",1669,89.1
"Saint-Louis-de-Gonzague","Chaudière-Appalaches (12)",362,118.5
"Saint-Louis-du-Ha! Ha!","Bas-Saint-Laurent (01)",1248,111.1
"Saint-Luc-de-Bellechasse","Chaudière-Appalaches (12)",435,159.9
"Saint-Luc-de-Vincennes","Mauricie (04)",558,54.3
"Saint-Lucien","Centre-du-Québec (17)",1749,114.9
"Saint-Ludger","Estrie (05)",1045,128.5
"Saint-Ludger-de-Milot","Saguenay--Lac-Saint-Jean (02)",631,112.3
"Saint-Magloire","Chaudière-Appalaches (12)",656,210.5
"Saint-Majorique-de-Grantham","Centre-du-Québec (17)",1391,59
"Saint-Malachie","Chaudière-Appalaches (12)",1527,102
"Saint-Malo","Estrie (05)",480,132.5
"Saint-Marc-de-Figuery","Abitibi-Témiscamingue (08)",891,92.8
"Saint-Marc-des-Carrières","Capitale-Nationale (03)",2936,17.7
"Saint-Marc-du-Lac-Long","Bas-Saint-Laurent (01)",385,156.8
"Saint-Marcel","Chaudière-Appalaches (12)",418,181
"Saint-Marcel-de-Richelieu","Montérégie (16)",519,51.3
"Saint-Marcellin","Bas-Saint-Laurent (01)",345,121
"Saint-Marc-sur-Richelieu","Montérégie (16)",2187,62.6
"Saint-Martin","Chaudière-Appalaches (12)",2550,119.6
"Saint-Mathias-sur-Richelieu","Montérégie (16)",4539,50
"Saint-Mathieu","Montérégie (16)",2322,31.4
"Saint-Mathieu-de-Beloeil","Montérégie (16)",2646,39.1
"Saint-Mathieu-de-Rioux","Bas-Saint-Laurent (01)",663,117
"Saint-Mathieu-d'Harricana","Abitibi-Témiscamingue (08)",779,111.7
"Saint-Mathieu-du-Parc","Mauricie (04)",1358,229
"Saint-Maurice","Mauricie (04)",3410,91.1
"Saint-Maxime-du-Mont-Louis","Gaspésie--Îles-de-la-Madeleine (11)",1088,232.3
"Saint-Médard","Bas-Saint-Laurent (01)",194,75.8
"Saint-Michel","Montérégie (16)",3454,60.1
"Saint-Michel-de-Bellechasse","Chaudière-Appalaches (12)",1804,44.8
"Saint-Michel-des-Saints","Lanaudière (14)",2365,569.5
"Saint-Michel-du-Squatec","Bas-Saint-Laurent (01)",1059,389.1
"Saint-Modeste","Bas-Saint-Laurent (01)",1163,112.4
"Saint-Moïse","Bas-Saint-Laurent (01)",568,112
"Saint-Narcisse","Mauricie (04)",1812,106.7
"Saint-Narcisse-de-Beaurivage","Chaudière-Appalaches (12)",1126,60.9
"Saint-Narcisse-de-Rimouski","Bas-Saint-Laurent (01)",1008,170.7
"Saint-Nazaire","Saguenay--Lac-Saint-Jean (02)",2073,146
"Saint-Nazaire-d'Acton","Montérégie (16)",852,58.2
"Saint-Nazaire-de-Dorchester","Chaudière-Appalaches (12)",355,51.8
"Saint-Nérée-de-Bellechasse","Chaudière-Appalaches (12)",737,76.5
"Saint-Noël","Bas-Saint-Laurent (01)",401,45.3
"Saint-Norbert","Lanaudière (14)",1038,74.6
"Saint-Norbert-d'Arthabaska","Centre-du-Québec (17)",1205,103
"Saint-Octave-de-Métis","Bas-Saint-Laurent (01)",516,75.9
"Saint-Odilon-de-Cranbourne","Chaudière-Appalaches (12)",1379,130.7
"Saint-Omer","Chaudière-Appalaches (12)",268,122.7
"Saint-Onésime-d'Ixworth","Bas-Saint-Laurent (01)",554,101
"Saint-Ours","Montérégie (16)",1693,61
"Saint-Pacôme","Bas-Saint-Laurent (01)",1555,29.5
"Saint-Pamphile","Chaudière-Appalaches (12)",2358,138.4
"Saint-Pascal","Bas-Saint-Laurent (01)",3468,60.6
"Saint-Patrice-de-Beaurivage","Chaudière-Appalaches (12)",1062,85.6
"Saint-Patrice-de-Sherrington","Montérégie (16)",2309,92.4
"Saint-Paul","Lanaudière (14)",6331,49.9
"Saint-Paul-d'Abbotsford","Montérégie (16)",3019,80
"Saint-Paul-de-la-Croix","Bas-Saint-Laurent (01)",306,85.4
"Saint-Paul-de-l'Île-aux-Noix","Montérégie (16)",2108,37.2
"Saint-Paul-de-Montminy","Chaudière-Appalaches (12)",779,164.4
"Saint-Paulin","Mauricie (04)",1514,98.3
"Saint-Philémon","Chaudière-Appalaches (12)",709,147.6
"Saint-Philibert","Chaudière-Appalaches (12)",352,56.6
"Saint-Philippe","Montérégie (16)",7127,61.9
"Saint-Philippe-de-Néri","Bas-Saint-Laurent (01)",807,32.8
"Saint-Pie","Montérégie (16)",5782,108.3
"Saint-Pie-de-Guire","Centre-du-Québec (17)",448,52.5
"Saint-Pierre","Lanaudière (14)",293,10
"Saint-Pierre-Baptiste","Centre-du-Québec (17)",523,82.3
"Saint-Pierre-de-Broughton","Chaudière-Appalaches (12)",887,148.5
"Saint-Pierre-de-Lamy","Bas-Saint-Laurent (01)",109,114.9
"Saint-Pierre-de-l'Île-d'Orléans","Capitale-Nationale (03)",2102,32.4
"Saint-Pierre-les-Becquets","Centre-du-Québec (17)",1090,65.2
"Saint-Pierre-de-la-Rivière-du-Sud","Chaudière-Appalaches (12)",913,90.9
"Saint-Placide","Laurentides (15)",1753,62
"Saint-Polycarpe","Montérégie (16)",2388,70.7
"Saint-Prime","Saguenay--Lac-Saint-Jean (02)",2768,162.1
"Saint-Prosper","Chaudière-Appalaches (12)",3579,134.2
"Saint-Prosper-de-Champlain","Mauricie (04)",536,93
"Saint-Raphaël","Chaudière-Appalaches (12)",2345,123.7
"Saint-Raymond","Capitale-Nationale (03)",10758,698.2
"Saint-Rémi","Montérégie (16)",8847,78.8
"Saint-Rémi-de-Tingwick","Centre-du-Québec (17)",456,74.3
"Saint-René","Chaudière-Appalaches (12)",799,61.5
"Saint-René-de-Matane","Bas-Saint-Laurent (01)",985,258.3
"Saint-Robert","Montérégie (16)",1772,64.6
"Saint-Robert-Bellarmin","Estrie (05)",568,237.6
"Saint-Roch-de-l'Achigan","Lanaudière (14)",5373,79.9
"Saint-Roch-de-Mékinac","Mauricie (04)",306,153.7
"Saint-Roch-de-Richelieu","Montérégie (16)",2300,36
"Saint-Roch-des-Aulnaies","Chaudière-Appalaches (12)",938,163.6
"Saint-Roch-Ouest","Lanaudière (14)",279,20.1
"Saint-Romain","Estrie (05)",713,116
"Saint-Rosaire","Centre-du-Québec (17)",862,109.9
"Saint-Samuel","Centre-du-Québec (17)",773,44.2
"Saints-Anges","Chaudière-Appalaches (12)",1176,69.6
"Saint-Sauveur","Laurentides (15)",10874,50.2
"Saint-Sébastien","Montérégie (16)",707,63.7
"Saint-Sébastien","Estrie (05)",651,91
"Saint-Sévère","Mauricie (04)",318,32.1
"Saint-Séverin","Mauricie (04)",839,62.4
"Saint-Séverin","Chaudière-Appalaches (12)",276,58.8
"Saint-Siméon","Capitale-Nationale (03)",1157,414
"Saint-Siméon","Gaspésie--Îles-de-la-Madeleine (11)",1163,56.8
"Saint-Simon","Montérégie (16)",1425,69.9
"Saint-Simon-de-Rimouski","Bas-Saint-Laurent (01)",425,75
"Saint-Simon-les-Mines","Chaudière-Appalaches (12)",598,47.3
"Saint-Sixte","Outaouais (07)",483,87.4
"Saints-Martyrs-Canadiens","Centre-du-Québec (17)",265,117.3
"Saint-Stanislas","Mauricie (04)",1013,92
"Saint-Stanislas","Saguenay--Lac-Saint-Jean (02)",381,163.8
"Saint-Stanislas-de-Kostka","Montérégie (16)",1745,62.4
"Saint-Sulpice","Lanaudière (14)",3409,52.7
"Saint-Sylvère","Centre-du-Québec (17)",784,87.2
"Saint-Sylvestre","Chaudière-Appalaches (12)",1033,148.3
"Saint-Télesphore","Montérégie (16)",783,60.7
"Saint-Tharcisius","Bas-Saint-Laurent (01)",422,79.4
"Saint-Théodore-d'Acton","Montérégie (16)",1519,83.6
"Saint-Théophile","Chaudière-Appalaches (12)",703,436.4
"Saint-Thomas","Lanaudière (14)",3481,95.1
"Saint-Thomas-Didyme","Saguenay--Lac-Saint-Jean (02)",669,360.6
"Saint-Thuribe","Capitale-Nationale (03)",290,51.1
"Saint-Tite","Mauricie (04)",3699,93.1
"Saint-Tite-des-Caps","Capitale-Nationale (03)",1445,131.4
"Saint-Ubalde","Capitale-Nationale (03)",1372,147.4
"Saint-Ulric","Bas-Saint-Laurent (01)",1571,121.8
"Saint-Urbain","Capitale-Nationale (03)",1370,333.4
"Saint-Urbain-Premier","Montérégie (16)",1294,53.6
"Saint-Valentin","Montérégie (16)",437,39.4
"Saint-Valère","Centre-du-Québec (17)",1254,108.7
"Saint-Valérien","Bas-Saint-Laurent (01)",852,147.9
"Saint-Valérien-de-Milton","Montérégie (16)",1807,107.5
"Saint-Vallier","Chaudière-Appalaches (12)",1085,60.7
"Saint-Venant-de-Paquette","Estrie (05)",96,58.7
"Saint-Vianney","Bas-Saint-Laurent (01)",433,146.2
"Saint-Victor","Chaudière-Appalaches (12)",2442,121.6
"Saint-Wenceslas","Centre-du-Québec (17)",1165,79.7
"Saint-Zacharie","Chaudière-Appalaches (12)",1658,188.7
"Saint-Zénon","Lanaudière (14)",1116,493.1
"Saint-Zénon-du-Lac-Humqui","Bas-Saint-Laurent (01)",352,115
"Saint-Zéphirin-de-Courval","Centre-du-Québec (17)",694,71.8
"Saint-Zotique","Montérégie (16)",8952,50.1
"Salaberry-de-Valleyfield","Montérégie (16)",42410,127
"Salluit","Nord-du-Québec (10)",1653,14.5
"Sayabec","Bas-Saint-Laurent (01)",1752,140.3
"Schefferville","Côte-Nord (09)",157,39.5
"Scotstown","Estrie (05)",479,11.9
"Scott","Chaudière-Appalaches (12)",2649,32.2
"Senneterre","Abitibi-Témiscamingue (08)",2753,16456.7
"Senneterre","Abitibi-Témiscamingue (08)",1151,630.1
"Senneville","Montréal (06)",981,18.6
"Sept-Îles","Côte-Nord (09)",25083,2172.2
"Shannon","Capitale-Nationale (03)",6273,65
"Shawinigan","Mauricie (04)",49571,802.7
"Shawville","Outaouais (07)",1552,5.4
"Sheenboro","Outaouais (07)",120,634.4
"Shefford","Montérégie (16)",7307,119
"Sherbrooke","Estrie (05)",169136,366
"Shigawake","Gaspésie--Îles-de-la-Madeleine (11)",275,76
"Sorel-Tracy","Montérégie (16)",34933,66.6
"Stanbridge East","Montérégie (16)",867,49.8
"Stanbridge Station","Montérégie (16)",275,18.1
"Stanstead","Estrie (05)",963,135.4
"Stanstead","Estrie (05)",2788,22.3
"Stanstead-Est","Estrie (05)",605,115.2
"Sainte-Catherine-de-la-Jacques-Cartier","Capitale-Nationale (03)",8047,122.7
"Stoke","Estrie (05)",3057,251.9
"Stoneham-et-Tewkesbury","Capitale-Nationale (03)",9088,686.2
"Stornoway","Estrie (05)",527,184.3
"Stratford","Estrie (05)",933,139.4
"Stukely-Sud","Estrie (05)",1111,63.6
"Sutton","Montérégie (16)",4093,247.7
"Tadoussac","Côte-Nord (09)",785,200.1
"Taschereau","Abitibi-Témiscamingue (08)",926,272.5
"Tasiujaq","Nord-du-Québec (10)",395,67.7
"Témiscaming","Abitibi-Témiscamingue (08)",2353,862.9
"Témiscouata-sur-le-Lac","Bas-Saint-Laurent (01)",4922,247.2
"Terrasse-Vaudreuil","Montérégie (16)",1965,1.2
"Terrebonne","Lanaudière (14)",117664,158.5
"Thetford Mines","Chaudière-Appalaches (12)",25670,228
"Thorne","Outaouais (07)",465,181.6
"Thurso","Outaouais (07)",2916,7.3
"Tingwick","Centre-du-Québec (17)",1430,169.8
"Tourville","Chaudière-Appalaches (12)",579,165.8
"Trécesson","Abitibi-Témiscamingue (08)",1241,203.2
"Très-Saint-Rédempteur","Montérégie (16)",970,26.2
"Très-Saint-Sacrement","Montérégie (16)",1229,98.9
"Tring-Jonction","Chaudière-Appalaches (12)",1422,27.4
"Trois-Pistoles","Bas-Saint-Laurent (01)",3150,9.7
"Trois-Rives","Mauricie (04)",390,653.5
"Trois-Rivières","Mauricie (04)",138134,334.2
"Ulverton","Estrie (05)",418,52.4
"Umiujaq","Nord-du-Québec (10)",483,25.9
"Upton","Montérégie (16)",2152,55.8
"Val-Alain","Chaudière-Appalaches (12)",985,103.1
"Val-Brillant","Bas-Saint-Laurent (01)",900,91.7
"Valcourt","Estrie (05)",2142,5.5
"Valcourt","Estrie (05)",1034,80.4
"Val-David","Laurentides (15)",5306,43.9
"Val-des-Bois","Outaouais (07)",874,245
"Val-des-Lacs","Laurentides (15)",719,131.2
"Val-des-Monts","Outaouais (07)",12215,480.1
"Val-d'Or","Abitibi-Témiscamingue (08)",32932,3979.6
"Val-Joli","Estrie (05)",1654,92
"Vallée-Jonction","Chaudière-Appalaches (12)",1862,26
"Val-Morin","Laurentides (15)",2997,41.4
"Val-Racine","Estrie (05)",167,118
"Val-Saint-Gilles","Abitibi-Témiscamingue (08)",171,109.4
"Varennes","Montérégie (16)",21498,114.1
"Vaudreuil-Dorion","Montérégie (16)",41019,92.6
"Vaudreuil-sur-le-Lac","Montérégie (16)",1369,2.8
"Venise-en-Québec","Montérégie (16)",1741,20.2
"Verchères","Montérégie (16)",5836,85.1
"Victoriaville","Centre-du-Québec (17)",47516,86.2
"Ville-Marie","Abitibi-Témiscamingue (08)",2483,12.6
"Villeroy","Centre-du-Québec (17)",467,101.7
"Waltham","Outaouais (07)",375,403.1
"Warden","Montérégie (16)",365,5.6
"Warwick","Centre-du-Québec (17)",4783,110.3
"Waskaganish","Nord-du-Québec (10)",0,298.4
"Waswanipi","Nord-du-Québec (10)",0,235.1
"Waterloo","Montérégie (16)",4632,13.3
"Waterville","Estrie (05)",2213,44.7
"Weedon","Estrie (05)",2637,224.7
"Wemindji","Nord-du-Québec (10)",0,187.7
"Wentworth","Laurentides (15)",560,95.3
"Wentworth-Nord","Laurentides (15)",1418,171.2
"Westbury","Estrie (05)",1055,57.2
"Westmount","Montréal (06)",20974,4
"Whapmagoostui","Nord-du-Québec (10)",0,116.7
"Wickham","Centre-du-Québec (17)",2562,98.8
"Windsor","Estrie (05)",5323,15
"Wotton","Estrie (05)",1380,144.6
"Yamachiche","Mauricie (04)",2877,107
"Yamaska","Montérégie (16)",1715,76.7
